,Bifidobacterium_adolescentis,Ruminococcus_bromii,Mesotoga_prima,Ruminococcus_torques,Mesotoga_sp_PhosAc3,Dialister_invisus,Coprococcus_sp_ART55_1,Roseobacter_phage_SIO1,Collinsella_aerofaciens,Coprococcus_comes,Methanobrevibacter_smithii,Bifidobacterium_longum,Subdoligranulum_unclassified,Leucobacter_unclassified,Streptococcus_salivarius,Eubacterium_biforme,Alicycliphilus_unclassified,Microbacterium_sp_oral_taxon_186,Microbacterium_laevaniformans,Methanoplanus_unclassified,Synechococcus_phage_S_SKS1,Actinomyces_odontolyticus,Gardnerella_vaginalis,Bifidobacterium_angulatum,Bifidobacterium_pseudocatenulatum,Atopobium_vaginae,Streptococcus_mitis_oralis_pneumoniae,Eubacterium_eligens,Dehalococcoides_mccartyi,Bifidobacterium_catenulatum,Eubacterium_rectale,Parvimonas_unclassified,Sphingopyxis_unclassified,Coprococcus_eutactus,Coprococcus_catus,Lactobacillus_ruminis,Afipia_unclassified,Leifsonia_unclassified,Desulfobacterium_autotrophicum,Atopobium_parvulum,Nakamurella_multipartita,Eggerthella_unclassified,Desulfobacter_unclassified,Lachnospiraceae_bacterium_8_1_57FAA,Methanosaeta_concilii,Eubacterium_hallii,Eggerthella_lenta,Comamonas_unclassified,Parvimonas_micra,Tsukamurella_unclassified,Actinomyces_viscosus,Methanobrevibacter_unclassified,Ruminococcus_gnavus,Streptococcus_parasanguinis,Methanobacterium_unclassified,Dietzia_unclassified,Lactococcus_lactis,Thiomonas_unclassified,Paracoccus_unclassified,Olsenella_unclassified,Bifidobacterium_bifidum,Clostridium_nexile,Granulicatella_adiacens,Acinetobacter_unclassified,Actinomyces_oris,Veillonella_parvula,Chlorobium_phaeobacteroides,Brevibacterium_unclassified,Agromyces_unclassified,Xanthobacter_autotrophicus,Granulicatella_unclassified,Nocardioides_unclassified,Veillonella_unclassified,Microlunatus_phosphovorus,Rhodopseudomonas_palustris,Microbacterium_maritypicum,Bifidobacterium_dentium,Hyphomicrobium_unclassified,Comamonas_testosteroni,Slackia_piriformis,Pseudomonas_unclassified,Gordonibacter_pamelaeae,Streptococcus_vestibularis,Dorea_longicatena,Lactococcus_raffinolactis,Ruminococcus_lactaris,Streptococcus_australis,Bifidobacterium_breve,Lactobacillus_animalis,Streptococcus_infantarius,Eubacterium_infirmum,Actinomyces_graevenitzii,Mycobacterium_tusciae,Rhodococcus_erythropolis,Lactobacillus_salivarius,Streptococcus_sanguinis,Eubacterium_ramulus,Anaerococcus_prevotii,Streptococcus_infantis,Enterobacter_cloacae,Actinomyces_turicensis,Clostridium_leptum,Methanosaeta_harundinacea,Solobacterium_moorei,Variovorax_unclassified,Clostridium_perfringens,Arcobacter_unclassified,Tetrasphaera_elongata,Bordetella_unclassified,Lactobacillus_phage_Lc_Nu,Cupriavidus_unclassified,Afipia_broomeae,Catenibacterium_mitsuokai,Micrococcus_luteus,Lactobacillus_casei_paracasei,Burkholderia_unclassified,Eubacterium_brachy,Escherichia_unclassified,Methanobacterium_formicicum,Dorea_formicigenerans,Hyphomicrobium_denitrificans,Yualikevirus_unclassified,Faecalibacterium_prausnitzii,Streptococcus_lutetiensis,Polaromonas_unclassified,Ruminococcus_obeum,Rhodospirillum_unclassified,Nitrosospira_unclassified,Corynebacterium_variabile,Sphingobium_unclassified,Methanosarcina_unclassified,Enterococcus_faecalis,Eubacterium_cylindroides,Streptococcus_peroris,Streptococcus_pseudopneumoniae,Leuconostoc_pseudomesenteroides,Roseburia_unclassified,Eubacterium_sp_3_1_31,Sulfurimonas_unclassified,Facklamia_ignava,Eubacterium_ventriosum,Abiotrophia_defectiva,Enterococcus_faecium,Granulicatella_elegans,Atopobium_rimae,Mycobacterium_gilvum,Anaerococcus_vaginalis,Desulfobacter_postgatei,Paracoccus_denitrificans,Finegoldia_magna,C2likevirus_unclassified,Desulfobacter_curvatus,Epsilon15likevirus_unclassified,Clostridium_bartlettii,Achromobacter_unclassified,Roseomonas_unclassified,Rothia_unclassified,Cyanobium_unclassified,Hyphomicrobium_zavarzinii,Cryptobacterium_curtum,Actinomyces_naeslundii,Anaerococcus_tetradius,Bifidobacterium_minimum,Ralstonia_unclassified,Methylocystis_unclassified,Akkermansia_muciniphila,Methanosarcina_barkeri,Enterococcus_hirae,Streptococcus_tigurinus,Actinomyces_johnsonii,Streptococcus_thermophilus,Lachnospiraceae_bacterium_9_1_43BFAA,Psychromonas_unclassified,Thiobacillus_denitrificans,Veillonella_atypica,Lactobacillus_fermentum,Peptostreptococcus_unclassified,Erysipelotrichaceae_bacterium_21_3,Erysipelotrichaceae_bacterium_5_2_54FAA,Acinetobacter_johnsonii,Gemella_unclassified,Pseudomonas_stutzeri,Lachnospiraceae_bacterium_1_4_56FAA,Lachnospiraceae_bacterium_3_1_46FAA,Streptococcus_anginosus,Collinsella_tanakaei,Achromobacter_piechaudii,Verrucomicrobia_bacterium_SCGC_AAA168_E21,Pseudorhodobacter_ferrugineus,Clostridium_innocuum,Dialister_succinatiphilus,Phascolarctobacterium_succinatutens,Methanosaeta_unclassified,Peptostreptococcaceae_noname_unclassified,Rhodobacteraceae_noname_unclassified,Caulobacter_unclassified,Sphaerochaeta_unclassified,Dorea_unclassified,Brevundimonas_unclassified,Desulfotignum_phosphitoxidans,Propionibacterium_acnes,Pusillimonas_unclassified,Deinococcus_unclassified,Oceanicola_unclassified,Mycobacterium_avium,Flavobacterium_frigoris,Mycobacterium_vanbaalenii,Porcine_type_C_oncovirus,Gordonia_alkanivorans,Janthinobacterium_unclassified,Lachnospiraceae_bacterium_2_1_58FAA,Kocuria_unclassified,Methanosphaerula_palustris,Thauera_terpenica,Limnohabitans_unclassified,Brevundimonas_diminuta,Rothia_mucilaginosa,Gordonia_malaquae,Enhydrobacter_aerosaccus,Candidatus_Pelagibacter_unclassified,Desulfococcus_oleovorans,Desulfomicrobium_baculatum,Gordonia_amarae,Eudoraea_adriatica,Methanolobus_unclassified,Rhodopseudomonas_unclassified,Methanosarcina_acetivorans,Mycobacterium_phage_Rizal,Gordonia_terrae,Leuconostoc_unclassified,Desulfocapsa_sulfexigens,Methanosarcina_mazei,Curtobacterium_unclassified,Mycobacterium_fortuitum,Mesorhizobium_unclassified,Actinoplanes_unclassified,Massilia_timonae,Thiomicrospira_unclassified,Massilia_unclassified,Desulfococcus_multivorans,Modestobacter_multiseptatus,Gordonia_otitidis,Ruegeria_pomeroyi,delta_proteobacterium_NaphS2,Methylocystis_rosea,Gordonia_bronchialis,Rhodococcus_ruber,Nitrobacter_unclassified,Pantoea_unclassified,Pseudonocardia_unclassified,Methylosinus_unclassified,Cycloclasticus_pugetii,Methylobacterium_extorquens,Turicibacter_unclassified,Caulobacter_vibrioides,Candidatus_Saccharimonas_aalborgensis,Turicibacter_sanguinis,Cellulophaga_unclassified,Mycobacterium_ulcerans,Methanoculleus_unclassified,Methanoculleus_marisnigri,Pseudomonas_fragi,Staphylococcus_warneri,Methanoculleus_bourgensis,Corynebacterium_tuberculostearicum,Pseudomonas_veronii,Dehalogenimonas_lykanthroporepellens,Corynebacterium_accolens,Orthohepadnavirus_unclassified,Corynebacterium_kroppenstedtii,Lactobacillus_jensenii,Murine_osteosarcoma_virus,Rahnella_unclassified,Neisseria_unclassified,Lactobacillus_iners,Klebsiella_unclassified,Propionibacterium_granulosum,Pseudomonas_mandelii,Escherichia_coli,Methanofollis_liminatans,Delftia_unclassified,Verminephrobacter_unclassified,Acinetobacter_lwoffii,Pelagibacter_phage_HTVC010P,Circovirus_like_genome_CB_A,Planctomyces_maris,Corynebacterium_terpenotabidum,Orgyia_leucostigma_NPV,Methanomethylovorans_hollandica,Methanocorpusculum_labreanum,Serinicoccus_unclassified,Sulfurihydrogenibium_azorense,Alicycliphilus_denitrificans,Methanospirillum_hungatei,Clostridium_celatum,Human_adenovirus_D,Brachybacterium_unclassified,Pseudoxanthomonas_unclassified,Agrococcus_pavilionensis,Nitrosospira_multiformis,Thermus_unclassified,Candidatus_Pelagibacter_ubique,Actinomyces_sp_HPA0247,Blattella_germanica_densovirus,Acetobacter_unclassified,Acinetobacter_junii,Thalassolituus_oleivorans,Synechococcus_phage_S_RIP1,Gordonia_polyisoprenivorans,gamma_proteobacterium_IMCC3088,Actinomyces_cardiffensis,Staphylococcus_epidermidis,Slackia_unclassified,Staphylococcus_hominis,Propionibacterium_phage_P100_A
GC_core_5_S5,0.12210791564844918,0.11705250352604131,0.0786758170584935,0.06016995164108838,0.046444363900781466,0.04196922713166304,0.04153503587295171,0.031947519824852486,0.028137601515755017,0.02743955643679797,0.023695404171823312,0.02229378650762789,0.022191471238297893,0.020906382431013046,0.01979580489346746,0.01737825413601297,0.015489877500308235,0.01384459833473156,0.011925989623855448,0.011908843073758248,0.010494027078238011,0.009396196647014684,0.008888455712886429,0.00776783841903393,0.006501362643104597,0.005993396096475061,0.005969819590091411,0.005631400838173001,0.0054021785368735965,0.005279558142428493,0.00522033486084277,0.004955240171840015,0.004942154646765837,0.004639382670049499,0.0044923961254662685,0.0039861216725963254,0.0039021938221205595,0.003468228175910517,0.003233929593332337,0.0031415412740586107,0.0030424973859971556,0.003023884354641643,0.0029533804479919736,0.002855464622436914,0.0026516237275313907,0.0026187971085953046,0.002593979733454621,0.0025029450891885688,0.0024793685828049194,0.0024316515387844233,0.00234501633829331,0.0023289978507025056,0.0023200861569019873,0.0022551097565336525,0.0021467029496691215,0.002051945699131966,0.0020429211990808088,0.0020103201926460015,0.0018934529169835103,0.0018399827541804013,0.0018098634852596626,0.0018008389852085052,0.0017886559101394424,0.0017019079033976897,0.0016972828471214713,0.0016152727029065765,0.001541835833740281,0.0014662556458118362,0.00139507490165833,0.0013249094137605796,0.0012809149760111861,0.0012615123009011972,0.0012409815632848135,0.0011705904628857842,0.0011621299940878238,0.0011325747564202827,0.0010774124998575816,0.0010426681746606246,0.0009558073616682325,0.0009395632615761488,0.0009282826365122018,0.0008840625862615293,0.0008750380862103717,0.0008584555673663695,0.0007949456482563478,0.0007877260482154217,0.0007805064481744956,0.0007336918541591154,0.0007212831665887736,0.0007168837228138342,0.0007106793790286634,0.0006956761476936138,0.0006954505351923349,0.0006664593287779909,0.0006561939599697992,0.0006419803723892259,0.0006371297036117287,0.0006214496347728423,0.0006142300347319161,0.0005850132158162934,0.0005668514094633387,0.0005609854844300862,0.0005478999593559077,0.0005376345905477158,0.0005324455030183002,0.0005318814717651028,0.00051969839669604,0.0005121403779031955,0.0005048079716116299,0.0004883382590182673,0.0004614903713660733,0.00045314270881875246,0.00044908168379573156,0.0004314839086959742,0.00042934058993382424,0.0004270844649210348,0.0004214441523890613,0.00040395918353994346,0.00038929437095681224,0.0003793674209005389,0.00037857777714606257,0.0003756448146294364,0.00037541920212815736,0.0003716965958570549,0.000369327664593626,0.00036504102706932614,0.00036109280829694465,0.00032928144561661404,0.00032431797058847734,0.0003231899080820826,0.0003178880143020275,0.00030987877050662517,0.0003095403517547067,0.00030040304545290964,0.0002850613953659417,0.0002701709702815315,0.0002463688513966033,0.00023429858257817998,0.00023023755755515905,0.00022978633255260115,0.00022640214503341706,0.0002258381137802197,0.00022414602002062762,0.00022324357001551185,0.000220874638752083,0.00021376784496179637,0.00021252697620476217,0.00020508176366255715,0.00017575213849629486,0.00017315759473158704,0.00015939523215357165,0.00015702630089014277,0.00014066939454741956,0.0001320961194988198,0.00013119366949370404,0.00012859912572899624,0.00012769667572388047,0.00012589177571364893,0.00012329723194894111,0.00012104110693615171,0.00012092830068551225,0.0001187849819233623,0.00011619043815865448,0.00011585201940673607,0.00011415992564714403,0.00011077573812795991,0.00010445858809214956,0.00010344333183639433,0.00010118720682360493,9.171148176988942e-05,8.742484424558954e-05,8.054366295658185e-05,7.174477540670316e-05,6.903742539135587e-05,6.689410662920594e-05,6.272027535554553e-05,6.193063160106924e-05,5.200368154479585e-05,4.749143151921703e-05,4.602495026090392e-05,4.546091900770656e-05,3.914376897189622e-05,3.4518712695677936e-05,3.3841875191841115e-05,3.1811362680330644e-05,2.853998141178601e-05,2.8314368910507066e-05,2.718630640411236e-05,2.380211888492825e-05,1.9289868859349432e-05,1.6808131345281086e-05,9.701337554994452e-06,0.0,0.0,0.0,0.0,0.0,0.0,0.0,0.0,0.0,0.0,0.0,0.0,0.0,0.0,0.0,0.0,0.0,0.0,0.0,0.0,0.0,0.0,0.0,0.0,0.0,0.0,0.0,0.0,0.0,0.0,0.0,0.0,0.0,0.0,0.0,0.0,0.0,0.0,0.0,0.0,0.0,0.0,0.0,0.0,0.0,0.0,0.0,0.0,0.0,0.0,0.0,0.0,0.0,0.0,0.0,0.0,0.0,0.0,0.0,0.0,0.0,0.0,0.0,0.0,0.0,0.0,0.0,0.0,0.0,0.0,0.0,0.0,0.0,0.0,0.0,0.0,0.0,0.0,0.0,0.0,0.0,0.0,0.0,0.0,0.0,0.0,0.0,0.0,0.0,0.0,0.0,0.0,0.0,0.0,0.0,0.0,0.0,0.0,0.0,0.0,0.0,0.0,0.0,0.0,0.0,0.0,0.0,0.0,0.0,0.0,0.0,0.0,0.0,0.0,0.0,0.0,0.0,0.0,0.0,0.0,0.0,0.0,0.0
GC_core_2_S2,0.06302708954562983,0.11956404726285982,0.0648980038807685,0.01827310046247858,0.0,0.03384960245721903,0.031861888552263386,0.060289790206230154,0.02336853141179261,0.007732900463433122,0.034247861149307786,0.01292802866189853,0.018253744347616743,0.07690025343252861,0.009615216345682187,0.008521993584375961,0.03804192481448625,0.0,0.02793577906241102,0.02928646466660552,0.036114665624441544,0.00786799553907841,0.005069711180251039,0.0035849911094447784,0.0017926944189161755,0.008465383577211548,0.003592282796550265,0.004416376015599441,0.0216870683652674,0.0025145714423593477,0.0028456140369484384,0.0033093653368573856,0.010567245529400353,0.00191917204616407,0.001803830813768191,0.0004844331760626908,0.006917954997298102,0.008863907421558688,0.008108753789688658,0.0015842847438284494,0.014039016624516305,0.0017397965433691,0.009023529081104247,0.0,0.004777380815385621,0.0005532401871126461,0.00042225497147226884,0.0033438351304469587,0.002215214542646825,0.009051104915975907,0.0012517838118182613,0.0,7.530324138029785e-05,0.0002444703822275867,0.006653465619562725,0.0056803568313032425,0.0006415358891536291,0.002225290328465316,0.002250612369140733,0.0005253991999826063,0.0007293012866778496,0.00020761421831258175,0.00017844746989063542,0.0029563151048226438,0.0010681658728891898,4.056829553234356e-05,0.0007876347835217421,0.0,0.00321656204642392,0.0009477867475840658,0.0006293388852680878,0.0014387161539770991,0.0013289431190072283,0.0027224508129303107,0.002545329104331582,0.0019048538242114781,0.0,0.0013672576203433305,0.0021254605031847448,0.0,0.00963762171151541,0.0003118190558564446,0.0,0.002090990709595172,0.0,0.0003005500848752381,0.0,7.901537299763648e-05,0.0,0.0,0.0,0.0008662524281318066,0.0039535527485948276,0.0020689830721495215,0.0,0.0,0.0,0.0,0.001432087347517566,0.0009275025998178939,0.00022405365833222423,0.00033051229007232844,0.0023483209763542536,0.00019740585636490054,0.0012370678614780973,0.0002825197313053076,0.003871620700754997,0.0032463916754918195,0.0007295664389362309,0.0007206838382804562,0.000681176151781638,0.0003150008829570206,0.001115230398751876,0.0004599065921624177,0.0,0.0,0.0,0.0005961948529704216,0.0013798523526164438,0.0,0.0015930347683550336,0.0006948314930882765,0.0012976551525182313,0.0,0.0027045530354895706,0.00015166709179412105,0.0,0.00040873220629482094,0.0016770880342619153,0.00033382669330209505,0.003647699618551963,0.0,0.0,0.0,0.0,0.0,0.0,0.0006355699633400492,0.0016272394096862252,0.0,0.0,0.0,0.0,0.0,0.0,0.0005145279573889718,0.0,0.0013322575222369949,0.0001525951246984557,0.0,0.0010649840457886137,0.0002864970151810276,0.0,2.028414776617178e-05,0.0004628232670046123,0.00014013296855453316,0.0,0.000897805546879185,0.00027430001129548636,0.0,0.0,0.0,0.0,0.00012634505111870398,0.0010208361947681222,0.0,1.9621267120218456e-05,0.0,0.0,0.0,0.0,0.0,0.00019886419378599784,0.0,0.0,0.0,0.0,0.0,0.0,0.0005649068864814246,0.0,0.0,0.0,0.0,0.0,0.0,0.00010089043431409623,6.0985019427706005e-05,0.00025719769062989054,0.0,0.0,0.0,0.008341822624805848,0.005425810663257166,0.0020410095088902913,0.0018270316363765574,0.0013333181312705203,0.0011074084071296267,0.0010282604580027996,0.000998695981193281,0.0008743395720124371,0.0007163088260171643,0.0006876723821119806,0.0006844905550114046,0.0005854561865059777,0.0005635811251895179,0.0005614599071224672,0.00055801292776351,0.0003861942643324078,0.0003082395003682967,0.0002036369344368618,0.00018348536279988068,0.0001613451492250396,0.0001323109769322839,0.0001308526395111866,0.00010738666464443883,0.00010340938076871888,8.511387494040708e-05,8.471614655283509e-05,3.725389230257693e-05,3.39394890728103e-05,2.0947028412125108e-05,0.0,0.0,0.0,0.0,0.0,0.0,0.0,0.0,0.0,0.0,0.0,0.0,0.0,0.0,0.0,0.0,0.0,0.0,0.0,0.0,0.0,0.0,0.0,0.0,0.0,0.0,0.0,0.0,0.0,0.0,0.0,0.0,0.0,0.0,0.0,0.0,0.0,0.0,0.0,0.0,0.0,0.0,0.0,0.0,0.0,0.0,0.0,0.0,0.0,0.0,0.0,0.0,0.0,0.0,0.0,0.0,0.0,0.0,0.0,0.0,0.0,0.0,0.0,0.0,0.0,0.0,0.0,0.0,0.0,0.0,0.0,0.0,0.0,0.0,0.0,0.0,0.0,0.0,0.0,0.0,0.0,0.0,0.0,0.0,0.0,0.0,0.0,0.0,0.0,0.0,0.0,0.0,0.0
GC_core_12_S10,0.10811584749874717,0.0030107304501380077,0.11320756448702547,0.0,0.0,0.000945958596872952,0.0,0.0,0.021353363262174317,0.0,0.006608707836465418,0.013080967570018373,0.0016935167571119746,0.1045096098012569,0.001701930037000075,0.0021582357443855884,0.005604009249101002,0.0,0.035987116362085535,0.027370235100693186,0.0,0.00017300762824439016,0.0,0.005182274473619319,0.00043550196075312,0.0,0.0,0.0,0.0,0.0001341535720338905,0.0,0.0,0.00024903308468776934,0.0,0.0,0.0,0.02083265772146353,0.035452184729927595,0.0012826427611222027,0.0,0.007350606153870628,0.006798694993211247,0.007338521624576811,0.0,0.03279756547214409,0.0,0.0,0.00205513482357505,0.0,0.0755575251128756,0.0,0.0,0.0,0.0,0.008959684174651122,0.021108460333067982,9.300498494481805e-05,0.005574486285130032,0.001483490697359943,0.0,0.0,0.0,0.0,0.0,0.0,0.0,0.0,0.0,0.0,0.0,0.0,0.004176658073903473,0.0,0.001506130068695195,0.0036784389358026966,0.0008212890858038291,0.0,0.011908921197243379,0.0,0.0,0.0,0.0,0.0,0.0,0.0,0.0,0.0,0.0,0.0,0.0,0.0,0.0,0.01274443637449436,0.004963223259078235,0.0,0.0,0.0,0.0,0.0,0.0,0.0,0.0,0.035737012496321094,0.0,0.0,0.0,0.00531382757732416,0.010180833508227573,0.0,0.0,0.0,0.0,0.0,0.0,0.0,0.0,0.0,0.0,0.0,0.0,0.0022617955713718414,0.0,0.0,0.0,0.0,0.0,0.0,0.0,0.0,0.0,0.06426047881658499,0.0,0.0,0.0,0.0,0.0,0.0,0.0,0.01193599666161054,0.0,0.0,0.0,0.0,0.0,0.0,0.0032469141619057697,0.0,0.0004413147723121712,0.0,0.0,0.0032013294817847893,0.0,0.0,0.0,0.0,0.0,0.0,0.0003484627560925913,0.0001909049690972581,0.0,0.0,0.0,0.0,0.0,0.0014763011672737482,0.0,0.0,0.0,0.0,0.0,0.0,0.0,0.0,0.0,0.0,0.0,0.0,0.0,0.0,0.0,0.0,0.0,0.0,0.0,0.0,0.0,0.0,7.571951899290285e-05,0.0,0.0,0.0,0.0,0.03336125522464681,0.017053565364454105,0.0,0.002593278798962994,0.0009421343787419973,0.0,0.0,0.0,0.006138481975083229,0.0,0.0,0.0,0.0,0.0,0.0059125471679064255,0.0,0.003656564408093636,0.0,0.0,0.005330960074550837,0.0,0.0,0.0,0.0,0.0,0.002584406612899179,0.0,0.0,0.00019488215595345095,0.0,0.027744549571351033,0.013010754925134045,0.007799110456268994,0.004926357796295831,0.0036703315933650726,0.0032236629156695653,0.0011601148122064146,0.0011056579460216197,0.0010675687334373112,0.0007440398795585444,0.00040337852845310064,0.0003662071282202211,0.0003337777584697253,0.0,0.0,0.0,0.0,0.0,0.0,0.0,0.0,0.0,0.0,0.0,0.0,0.0,0.0,0.0,0.0,0.0,0.0,0.0,0.0,0.0,0.0,0.0,0.0,0.0,0.0,0.0,0.0,0.0,0.0,0.0,0.0,0.0,0.0,0.0,0.0,0.0,0.0,0.0,0.0,0.0,0.0,0.0,0.0,0.0,0.0,0.0,0.0,0.0,0.0,0.0,0.0,0.0,0.0,0.0,0.0,0.0,0.0,0.0,0.0,0.0,0.0,0.0,0.0,0.0,0.0,0.0,0.0,0.0,0.0,0.0,0.0,0.0,0.0,0.0,0.0,0.0,0.0,0.0,0.0
GC_core_9_S7,0.05918964913303236,0.00615911439863949,0.06579282223398171,0.00683025185255289,0.0,0.001262061574985905,0.0,0.0,0.012715255941124567,0.0,0.002958660125721415,0.025242385648392065,0.002105744255657781,0.07993460593613287,0.000463102155430356,0.0,0.022531001876068667,0.0,0.02971615444586725,0.0463904288758765,0.0,0.0,0.0,0.0003889481031278006,0.0009236074763442801,0.0,0.0,0.0,0.0,0.0,0.0,0.0,0.010164875908819945,0.0,0.0,0.0,0.01707620670571921,0.01699830167022625,0.004962262223732874,0.0,0.023904438798092655,0.006329351328050025,0.009137683588986882,0.0,0.015889741868878322,0.0,0.0,0.0,0.0,0.04364182380881758,0.0,0.0,0.0,0.0,0.010413017873723437,0.016318219564089586,0.0,0.0,0.011729612973554413,0.00034739875086489013,0.0,0.0,0.0,0.0,0.0,0.0,0.0,0.0,0.000976698315346888,0.0,0.0,0.032890063299284025,0.0,0.011567743622030158,0.018295853316936728,0.0007943428248596699,0.0,0.01704648737736449,0.0,0.0,0.0,0.0,0.0,0.0,0.0,0.0,0.0,0.0,0.0,0.0,0.0,0.0,0.014906984272993093,0.002767648520179424,0.0,0.0,0.0,0.0,0.0,0.0,0.0,0.0,0.0041973501900594325,0.0,0.0,0.0,0.0006748884371038024,0.04855012958204237,0.0,0.0,0.0,0.0,0.0,0.0,0.0,0.0,0.0,0.0027858263617944468,0.0,0.0,0.009319173467968622,0.0,0.0,0.0,0.0,0.0,0.0,0.0004530033545331208,0.0,0.0016137883833781815,0.049881151540297965,0.0,0.0,0.0,0.0,0.0,0.0,0.0,0.0,0.0,0.0,0.0,0.0,0.0,0.0,0.0062488494580406366,0.0,0.0010840341420260732,0.0010061291065331162,0.0,0.0,0.0,0.0,0.0,0.0,0.0006549793724778245,0.0,0.00035028412254981445,0.004744993735858072,0.0,0.0,0.0,0.0,0.0,0.007780404748398474,0.0,0.0,0.0,0.0,0.0,0.0,0.0,0.0,0.0,0.0,0.0,0.0,0.0,0.0,0.0,0.0,0.0,0.0,0.0,0.0,0.0,0.0,0.0,0.0,0.0,0.0,0.0,0.013964910417865297,0.021205173586845934,0.00953586488150644,0.005975027685141316,0.0055592456253437195,0.0,0.00423861100515385,0.0,0.0,0.003346742617343738,0.0,0.0006518054636244076,0.0010681645977589894,0.0,0.01333589939055179,0.0,0.0016942902533875705,0.0,0.0,0.014342028497084908,0.0,0.0,0.0,0.0014516304946854339,0.0,0.0012274371147668129,0.00020543846396661275,0.0,0.0037235721593948563,0.0,0.02894287483430753,0.0065922086885466325,0.011502245684782376,0.0,0.001570219270935824,0.0,0.004683823856137676,0.0,0.006512860967211213,0.00010156508330933665,0.002598565739442858,0.00790332158217625,0.0015286699186729136,0.00884568397447254,0.005483071812861717,0.0054294038995221245,0.004486752970057344,0.003586228467192458,0.0027344667458027937,0.0023305147099133864,0.0021066098671632585,0.0017121795578341013,0.0007369239283296756,0.0007213429212310842,0.0001318614860010422,0.0001252251311257162,0.0,0.0,0.0,0.0,0.0,0.0,0.0,0.0,0.0,0.0,0.0,0.0,0.0,0.0,0.0,0.0,0.0,0.0,0.0,0.0,0.0,0.0,0.0,0.0,0.0,0.0,0.0,0.0,0.0,0.0,0.0,0.0,0.0,0.0,0.0,0.0,0.0,0.0,0.0,0.0,0.0,0.0,0.0,0.0,0.0,0.0,0.0,0.0,0.0,0.0,0.0,0.0,0.0,0.0,0.0,0.0,0.0,0.0,0.0,0.0,0.0,0.0,0.0,0.0,0.0,0.0,0.0
GC_core_8_S6,0.051140827322646604,0.00957914008712869,0.017898188083826285,0.012984574547766572,0.0,0.0003087530646537729,0.0,0.0,0.016217500435507886,0.0,0.013603436343658766,0.02332593817211407,0.005004104280585024,0.0636543077322477,0.0022432892809476647,0.00029790773197658214,0.008472238320762914,0.0,0.014279913969398535,0.10066875032620726,0.0,0.0,0.0,0.0015054677422525347,0.00013760015834185708,0.0,0.0,0.0,0.0,0.0,0.0,0.0,0.015278701325638567,0.0,0.0,0.0,0.009837394571504295,0.018234054480173033,0.011359469229418778,0.0,0.04663018567887376,0.003429158625869236,0.05555182747244776,0.0,0.014441916126264071,0.0,0.0,0.0,0.0,0.00475059462925569,0.0,0.012455864579753525,0.0,0.0,0.013155388537432325,0.009051785785700291,0.0006222509623538167,0.0032942698006966763,0.018103571571400582,0.0,0.0,0.0,0.0,0.0069193222480476695,0.0,0.0,0.0,0.0,0.0036111568648583424,0.0,0.0,0.014192473474688687,0.0,0.010500654448043737,0.008366835243806466,0.0,0.0,0.020682049415402675,0.0,0.0,0.0,0.0,0.0,0.0,0.0,0.0,0.0,0.0,0.0,0.0,0.0,0.0,0.007861849441024775,0.004888194787597548,0.0,0.0,0.0,0.0,0.0,0.0,0.0,0.0,0.0009018571954376395,0.0,0.0,0.0007449387882645365,0.0,0.04699553782343662,0.0,0.0,0.0,0.0018464178882917175,0.0,0.0,0.0,0.004198838329303614,0.0,0.0,0.00038907630979421657,0.0,0.014523256121343003,0.0,0.0,0.0,0.0,0.0,0.0,0.0,0.0,0.0,0.051534309548840924,0.0,0.0,0.0,0.0,0.0,0.0,0.0,0.007498191879692723,0.0,0.0,0.0,0.0,0.0,0.0,0.0005734469653064585,0.0,0.009794013240795532,0.001849129221461015,0.0,0.0,0.005103745774556713,0.0,0.0006991850410326382,0.0,0.0,0.0,0.005621271493246407,0.002314800693287891,0.0,0.0,0.0,0.0,0.0,0.0042666216585360555,0.0,0.0,0.0,0.0,0.0,0.002685575504189348,0.0,0.0,0.0,0.0,0.0,0.0,0.0,0.0,0.0,0.0,0.0,0.0,0.0,0.0,0.0,0.0,0.0,0.0,0.0,0.0,0.0,0.013851862245295665,0.007363303054520164,0.012689717065605448,0.0,0.0,0.0,0.00471365271482401,0.0,0.0013865079994495992,0.0,0.0,0.0,0.0,0.0,0.0023981741882437946,0.0,0.0,0.0,0.0,0.018429609385008632,0.0,0.0,0.0,0.0,0.0,0.0011560446800592968,0.0,0.0,0.009354438350723145,0.0,0.006851538918815228,0.015211934746344613,0.00923683427450486,0.0,0.0015081790754218323,0.0,0.000525659718197587,0.0,0.021136536637906198,0.0008449191988823884,0.002114500955406025,0.0,0.0,0.019796799135626982,0.0,0.013191313701925519,0.0,0.0004927848035198527,0.002188045867623225,0.0,0.0,0.0038683945992954594,0.0,0.0,0.0,0.0001135370764643402,0.007856426774686178,0.0014817435770211802,0.0013336370026482945,0.0012946615883396404,0.0010455578534104162,0.0010069213557479244,0.0008510196985133081,0.0005334548010593178,9.116857781763436e-05,0.0,0.0,0.0,0.0,0.0,0.0,0.0,0.0,0.0,0.0,0.0,0.0,0.0,0.0,0.0,0.0,0.0,0.0,0.0,0.0,0.0,0.0,0.0,0.0,0.0,0.0,0.0,0.0,0.0,0.0,0.0,0.0,0.0,0.0,0.0,0.0,0.0,0.0,0.0,0.0,0.0,0.0,0.0,0.0,0.0,0.0,0.0,0.0,0.0,0.0,0.0,0.0,0.0,0.0,0.0,0.0,0.0,0.0
GC_core_11_S9,0.07593430994902421,0.0031480345809244232,0.1556049985241011,0.003154997232346059,0.0,9.894294125482735e-05,0.0,0.0,0.022528025130041256,0.0,0.012896479481890781,0.02099550890660537,0.0,0.10753485310912617,0.0026630309411067787,0.0030670479512306574,0.010445259726136929,0.0,0.03609823275080981,0.03377490590801127,0.0,0.0,0.0,0.005819493994804761,0.00157557472564863,0.0,0.0,0.0,0.0,0.0,0.0,0.0,0.00043809735655609664,0.0,0.0,0.0,0.020199018229504012,0.02998575771328937,0.0017501906941965013,0.0,0.001182917831002158,0.005526329724420087,0.006524554065079902,0.0,0.020827855589479135,0.0,0.0,0.0,0.0,0.043512540376507196,0.0,0.0,0.0,0.0,0.01232132782892985,0.012094125519381728,0.0,0.0,0.0030406631668960364,0.000155377063303877,0.0,0.0,0.0,0.001486342850850295,0.0,0.0,0.0,0.0,0.0107538151207168,0.0,0.0,0.01343113782000483,0.0,0.002634264197075283,0.006882947385625165,0.00041720940229118857,0.0,0.008942609612746488,0.0,0.0,0.009244385583573711,0.0,0.0,0.0,0.0,0.0,0.0,0.0,0.0,0.0,0.0,0.0,0.019495790435918776,0.005587161310524907,0.0,0.0,0.0,0.0,0.0,0.0,0.0,0.0,0.014187318409928297,0.0,0.0,0.0,0.0,0.006303947951615435,0.0,0.0,0.0,0.0005821143043825675,0.0,0.0,0.0,0.0,0.0,0.0,0.0006834392053342703,0.0,0.005328260614241443,0.0,0.0,0.0,0.0,0.0,0.0,0.0,0.0,0.0,0.09766401212527419,0.0,0.0,0.0,0.0,0.0,0.0,0.0,0.0003662721103118516,0.0,0.0,0.0,0.0,0.0,0.0,0.0014517128214111056,0.0,0.0,0.0,0.0,0.0,0.0,0.0,8.593377675650744e-05,0.0,0.0,0.0,0.0015008178367005383,0.0007682736160768353,0.0,0.0,0.0,0.0,0.0,0.004390501404348468,0.0,0.0,0.0,0.0,0.0,0.00024405925509524078,0.0,0.0,0.0,0.0,0.0,0.0,0.0,0.0,0.0,0.0,0.0,0.0,0.0,0.0,0.0,0.0,0.0,0.0,0.0,0.0,0.0,0.0394707212262475,0.0077497974876188465,0.0,0.0009738550606840877,0.0,0.0009414237632727831,0.0,0.0,0.00011231856109112807,0.0,0.0,0.0,0.0020261315636960755,0.0,0.00712022721696776,0.0,0.0008598874505720458,0.0,0.0,0.0,0.0,0.0,0.0,0.0,0.0,0.0015561525927356456,0.0,0.0,0.0,0.0,0.01754899645289555,0.03183086034002291,0.005687386845462668,0.0,0.004975547351434882,0.0,0.0010951517775557463,0.0024453564703461584,0.001736082163684239,0.0012146162177375007,0.001097167281914641,0.0,0.001794348562423193,0.0,0.0,0.0,0.0,0.0,0.0014185486133238394,0.0,0.0,0.0002887668063289035,0.0,0.0,0.0,0.0,0.0,0.0,0.0,0.0,0.0,0.00016288939773248428,0.0,0.0,0.0,0.0022406911640838584,0.00032229746975415054,0.0,0.0,0.0,0.0,0.0,0.0,0.0,0.0,0.0,0.0,0.0,0.0,0.0,0.0,0.0,0.0,0.0,0.0,0.0,0.0,0.0,0.0,0.0,0.0,0.0,0.0,0.0,0.0,0.0,0.0,0.0,0.0,0.0,0.0,0.0,0.0,0.0,0.0,0.0,0.0,0.0,0.0,0.0,0.0,0.0,0.0,0.0,0.0,0.0,0.0,0.0,0.0,0.0,0.0,0.0,0.0
GC_core_23_S19,0.0,0.0,6.644831911075943e-05,0.0,0.0,0.0,0.0,0.0,0.0,0.0,0.0,0.0,0.0,0.0,0.0,0.0,0.0,0.0,0.0,0.0,0.0,0.0,0.0,0.0,0.0,0.0,0.0,0.0,0.0,0.0,0.0,0.0,0.0,0.0,0.0,0.0,0.0,0.0,0.0,0.0,0.0,0.0,0.0,0.0,0.5621453852756604,0.0,0.0,0.0,0.0,0.0,0.0,0.0,0.0,0.0,0.0,0.0,0.0,0.0,0.0,0.0,0.0,0.0,0.0,0.0,0.0,0.0,0.0,0.0,0.0,0.0,0.0,0.0,0.0,0.0,0.0,0.0,0.0,0.0,0.0,0.0,0.05064141873644065,0.0,0.0,0.0,0.0,0.0,0.0,0.0,0.0,0.0,0.0,0.0,0.0,0.0,0.0,0.0,0.0,0.0,0.0,0.0,0.0,0.0,0.0,0.0,0.0,0.0,0.0,0.0,0.0,0.0,0.0,0.0,0.0,0.0,0.0,0.0,0.0,0.0,0.0,0.0,0.0,0.0,0.0,0.0,0.0,0.0,0.0,0.0,0.0,0.0,0.0,0.0,0.0,0.0,0.0,0.0,0.0,0.0,0.0,0.0,0.0,0.0,0.0,0.0,0.0,0.0,0.0,0.0,0.0,0.0,0.0,0.0,0.0,0.0,0.0,0.0,0.0,0.0,0.0,0.0,0.0,0.0,0.0,0.0,0.0,0.0,0.0,0.0,0.0,0.0,0.0,0.0,0.0,0.0,0.0,0.0,0.0,0.0,0.0,0.0,0.0,0.0,0.0,0.0,0.0,0.0,0.0,0.0,0.0,0.0,0.0,0.0,0.0,0.0,0.0,0.0,0.0,0.0,0.0,0.0,0.029882599190829653,0.0,0.0,0.0,0.0,0.0,0.0,0.0,0.0,0.0,0.0,0.0,0.0,0.0,0.0,0.0,0.0007982914678534987,0.0,0.0,0.0,0.0,0.0,0.0,0.0,0.0,0.0,0.0,0.0,0.0,0.0,0.0,0.0,0.0,0.0,0.0,0.0,0.0,0.0,0.0,0.0,0.0,0.0,0.0,0.0,0.0,0.0,0.0,0.0,0.002547827089318494,0.0,0.0,0.0,0.0,0.0,0.0,0.0,0.0,0.0,0.0,0.30011960697439943,0.03616875198914462,0.008828915229164656,0.004903095863652912,0.003733666223205172,0.00016399364121999927,0.0,0.0,0.0,0.0,0.0,0.0,0.0,0.0,0.0,0.0,0.0,0.0,0.0,0.0,0.0,0.0,0.0,0.0,0.0,0.0,0.0,0.0,0.0,0.0,0.0,0.0,0.0,0.0,0.0,0.0,0.0,0.0,0.0,0.0,0.0,0.0,0.0,0.0,0.0,0.0,0.0,0.0,0.0,0.0,0.0,0.0,0.0,0.0,0.0,0.0
GC_core_24_S20,0.0,0.0,0.012149120969262536,0.0,0.0,0.0,0.0,0.0,0.0,0.0,0.0,0.0,0.0,0.0,0.0,0.0,0.0,0.0,0.0,0.000637879464249742,0.0,0.0,0.0,0.0,0.0,0.0,0.0,0.0,0.0,0.0,0.0,0.0,0.0,0.0,0.0,0.0,0.0,0.0,0.0,0.0,0.0,0.0,0.0,0.0,0.5326191796142872,0.0,0.0,0.00048326948831047884,0.0,0.0,0.0,0.0,0.0,0.0,0.0,0.0,0.0,0.0,0.0,0.0,0.0,0.0,0.0,0.0002956223318447802,0.0,0.0,0.0,0.0,0.0,0.0,0.0,0.0,0.0,0.0,0.0,0.0,0.0,0.0,0.0,0.0,0.10679651352993416,0.0,0.0,0.0,0.0,0.0,0.0,0.0,0.0,0.0,0.0,0.0,0.0,3.696538186951766e-05,0.0,0.0,0.0,0.0,0.0,0.0,0.0,0.0,0.0,0.0,0.0,0.0,0.0,0.0,0.0,0.0,0.0,0.0,0.0,0.0016332252507199694,0.0,0.0,0.0,0.003008397890132843,0.0,0.0,0.0,0.0,0.0,0.0,0.0,0.0,0.0,0.0,0.0,0.0,0.0,0.0,0.0,0.0,0.0,0.0,0.0,0.0,0.0,0.0,0.0,0.0,0.0,0.0,0.0,0.0,0.0,0.0,0.0,0.0,0.0003764022671563692,0.0,0.0,0.0,0.0,0.0,0.0,0.0,0.0,0.0,0.0,0.0,0.0,0.0,0.0,0.0,0.0,0.0,0.0,0.0,0.0,0.0,0.0,0.0,0.0,0.0,0.0,0.0,0.0,0.0,0.0,0.0,0.0,0.0,0.0,0.0,0.0,0.0,0.0,0.0,0.0,0.0,0.0,0.0,0.0,0.002832132445250947,0.0016666653236918495,0.0,0.0,0.0006298216153408554,0.14558951625509867,0.0,0.0,0.0,0.0,0.0,0.0,0.0,0.0,0.0005538763893745983,0.0,0.0,0.0,0.0,0.0,0.0,0.0,0.0,0.0,0.0,0.0,0.0,0.0,0.0,0.0,0.0,0.0,0.0,0.0,0.0,0.0,0.0,0.0,0.0,0.0,0.0,0.0,0.0,0.0,0.0,0.0,0.0,0.0,0.0,0.0,0.0,0.0,0.0,0.0,0.0,0.0,0.0,0.0,0.0,0.0,0.0,0.0,0.0,0.0,0.13146773314982932,0.015574613263541627,0.0,0.0,0.0025635039072509375,0.0,0.029298640802046062,0.0032625223000968566,0.0023142142066322553,0.0011976985171946444,0.0007847337606142017,0.00066557831987404,0.0006319368006794382,0.0005942663570303929,0.0005712007645287048,0.0005179182386186916,0.0004018852143307233,0.00038466156228797807,0.00016397722529584398,0.00015279695993476372,0.00010082383447244463,4.270659921709942e-05,0.0,0.0,0.0,0.0,0.0,0.0,0.0,0.0,0.0,0.0,0.0,0.0,0.0,0.0,0.0,0.0,0.0,0.0,0.0,0.0,0.0,0.0,0.0,0.0,0.0,0.0,0.0,0.0,0.0,0.0,0.0,0.0,0.0,0.0
GC_core_20_S16,0.0,0.0,0.0009024670225444097,0.0,0.0,0.0,0.0,0.0,0.0,0.0,0.0,0.0,0.0,0.0,0.0,0.0,0.0,0.0,0.0,0.000343397890319259,0.0,0.0,0.0,0.0,0.0,0.0,0.0,0.0,0.0,0.0,0.0,0.0,0.0,0.0,0.0,0.0,0.0,0.0,0.0,0.0,0.0,0.0,0.0,0.0,0.6607543869055246,0.0,0.0,0.0,0.0,0.0,0.0,0.0,0.0,0.0,0.0,0.0,0.0,0.0,0.0,0.0,0.0,0.0,0.0,0.0,0.0,0.0,0.0,0.0,0.0,0.0,0.0,0.0,0.0,0.0,0.0,0.0,0.0,0.0,0.0,0.0,0.0,0.0,0.0,0.0,0.0,0.0,0.0,0.0,0.0,0.0,0.0,0.0,0.0,0.0,0.0,0.0,0.0,0.0,0.0,0.0,0.0,0.0,0.0,0.0,0.0,0.0,0.0,0.0,0.0,0.0,0.0,0.0,0.0,0.0,0.0,0.0,0.0,0.0,0.0,0.0,0.0,0.0,0.0,0.0,0.0,0.0,0.0,0.0,0.0,0.0,0.0,0.0,0.0,0.0,0.0,0.0,0.0,0.0,0.0,0.0,0.0,0.0,0.0,0.0,0.0,0.0,0.0,0.0,0.0,0.0,0.0,0.0,0.0,0.0,0.0,0.0,0.0,0.0,0.0,0.0,0.0,0.0,0.0,0.0,0.0,0.0,0.0,0.0,0.0,0.0,0.0,0.0,0.0,0.0,0.0,0.0,0.0,0.0,0.0,0.0,0.0,0.0,0.0,0.0,0.0,0.0,0.0,0.0,0.0,0.0,0.0,0.0,0.0,0.0,0.0,0.0,0.0005716903425426771,0.0,0.0,0.0,0.004965588017645058,0.0,0.0,0.0,0.0,0.0,0.0,0.0,0.0,0.0,0.0,0.0,0.0,0.0,0.0,0.0,0.0,0.0,0.0,0.0,0.0,0.0,0.0,0.0,0.0,0.0,0.0,0.0,0.0,0.0,0.0,0.0,0.0,0.0,0.0,0.0,0.0,0.0,0.0,0.0,0.0,0.0,0.0,0.0,0.0,0.0,0.0,0.0,0.0,0.0,0.0,0.0,0.0,0.0,0.0,0.0,0.0,0.0,0.0,0.29596536255234396,0.031559386883816105,0.0,0.0,0.004937720385263959,0.0,0.0,0.0,0.0,0.0,0.0,0.0,0.0,0.0,0.0,0.0,0.0,0.0,0.0,0.0,0.0,0.0,0.0,0.0,0.0,0.0,0.0,0.0,0.0,0.0,0.0,0.0,0.0,0.0,0.0,0.0,0.0,0.0,0.0,0.0,0.0,0.0,0.0,0.0,0.0,0.0,0.0,0.0,0.0,0.0,0.0,0.0,0.0,0.0,0.0,0.0
GC_core_10_S8,0.07627490216700926,0.0034536923843931605,0.04607233836214254,0.0,0.0,0.004063569248000654,0.0,0.0,0.015498248226030057,0.0,0.009201594011869716,0.01808100503336224,0.0036165766307205824,0.12354394459886762,0.0026792238924212715,0.0007194907903812922,0.001994392957390573,0.0,0.04307690731647349,0.03913661105154243,0.13892506641716118,0.0,0.0,0.0034499361439118154,0.0021046898369791625,0.0,0.0,0.0,0.0,0.0,0.0,0.0,0.0038721717216557493,0.0,0.0,0.0,0.03152954112400373,0.019332857542872353,0.0025774639230175577,0.0,0.009325379209550408,0.00441375330378424,0.014607336279136468,0.0,0.0302372236602173,0.0,0.0,0.004388484049637009,0.0,0.041536507242714585,0.0,0.0023561872110255894,0.0,0.0,0.023235079188378863,0.004913333287803144,0.002912964493283158,0.0,0.004998360913244502,0.0,0.0,0.0,0.0,0.0036964821100510152,0.0,0.0,0.0,0.0,0.0015504736277770564,0.0,0.0,0.011523462843952106,0.0,0.0023510650649146638,0.01772501587865294,0.0011538487805877488,0.0,0.013616713221283536,0.0,0.0,0.03436960040430805,0.0,0.0,0.0,0.0,0.0,0.0,0.0,0.0,0.0,0.0,0.0,0.00408303340322217,0.0031945117911803458,0.0,0.0,0.0,0.0,0.0,0.0,0.0,0.0,0.011786058201238871,0.0,0.0,0.0,0.014150782322449335,0.004986579977189373,0.0,0.0,0.0,0.0011801424639571647,0.0,0.0,0.0,0.0,0.0,0.0,0.003811730397546832,0.0,0.0024509469140777057,0.0,0.0,0.0,0.0,0.0,0.0,0.0007681511784350816,0.0,0.0,0.04254078935686331,0.0,0.0,0.0,0.0,0.0,0.0,0.0,0.0035320612198903164,0.0,0.0,0.0,0.0,0.0,0.0,0.0013546369081360162,0.0,0.001165117502031784,0.0,0.0,0.0,0.0,0.0,0.0,0.0,0.0,0.0,0.002802155399083476,0.003921173586116934,0.0,0.0,0.0,0.0,0.0,0.0067415979729960425,0.0,0.0,0.0,0.0,0.0,0.0,0.0,0.0,0.0,0.0,0.0,0.0,0.0,0.0,0.0,0.0,0.0,0.0,0.0,0.0,0.0,0.0,0.00048438428388982585,0.0,0.0,0.0,0.0,0.0,0.0072833502933282316,0.0,0.0,0.0,0.001302220279600882,0.003873537627285329,0.0,0.0,0.0,0.0,0.0,0.0,0.0,0.006147941238739813,0.0,0.0,0.0,0.0,0.0012771217636573485,0.0,0.0,0.0,0.0,0.0,0.0,0.0,0.0,0.0,0.0,0.008406978411861521,0.01985907268666807,0.008249045573441327,0.0,0.0022129378581233813,0.0034419114483380327,0.0020654200501287355,0.0,0.0012704629737131457,0.0002665223359718076,0.0003440374804504756,0.0,0.0,0.0,0.0,0.0,0.0,0.0,0.0,0.0,0.0,0.0,0.0,0.0,0.0,0.0010141849299631885,0.0,0.004317798433306241,0.0,0.0,0.0,0.0,0.0,0.0,0.0,0.0,0.0,0.0,0.0,0.0,0.0,0.0,0.0,0.0,0.0,0.0,0.0,0.0,0.0,0.0,0.0,0.0,0.0,0.0,0.0,0.0,0.0,0.0,0.0,0.0012450229813622171,0.00035308660524644336,0.0,0.0,0.0,0.0,0.0,0.0,0.0,0.0,0.0,0.0,0.0,0.0,0.0,0.0,0.0,0.0,0.0,0.0,0.0,0.0,0.0,0.0,0.0,0.0,0.0,0.0,0.0,0.0,0.0,0.0,0.0,0.0
GC_core_13_S11,0.03646294645337895,0.0023932051384268223,0.02628937837792129,0.003498783525529052,0.0,0.0,0.0,0.0,0.008517978936992179,0.0,0.008255597352990208,0.005993099799227352,0.002157399957960962,0.05460858997683021,0.0006700877746127697,0.0012919756173577742,0.0,0.0,0.03462663777086791,0.022557084906777228,0.2021740706110882,0.0,0.0,0.0,0.0006125861015073653,0.0,0.0,0.0,0.0,0.0,0.0,0.0,0.0,0.0,0.0,0.0,0.00809251487674589,0.003948649556294863,0.0,0.0,0.0004956499259484756,0.002258390291398185,0.0048040473446548815,0.0,0.004968941848413027,0.0,0.0,0.0,0.0,0.022771991369916963,0.0,0.0008242309151222152,0.0,0.0,0.013358508435592087,0.002687720010340637,0.0005780367769104206,0.0,0.0009734211804272037,8.927255551448293e-05,0.0,0.0,0.0,0.0,0.0,0.0,0.0,0.0019422518911527155,0.002816011558319502,0.0,0.0,0.004354664521226091,0.0,0.0002626231876704816,0.0050635296846347315,0.0010402245947702471,0.0,0.0068289276904380525,0.0,0.0,0.005125863431110338,0.0,0.0,0.0,0.0,0.0,0.0,0.0,0.0,0.0,0.0,0.0,0.005885586166740356,0.0005822648411093474,0.0,0.0,0.0,0.0,0.0,0.0,0.0,0.0,0.01789473811370352,0.0,0.0,0.0,0.0018445232072403788,0.0013615574738886837,0.0,0.0,0.0,0.0,0.0,0.0,0.0,0.0,0.0,0.0,0.0019519160378931196,0.0,0.0010904781578203486,0.0001345732433601272,0.0,0.0,0.0,0.0,0.0,0.0,0.0,0.0,0.0202953121640199,0.0,0.0,0.0,0.0,0.0,0.0,0.0,0.002014008180700216,0.0,0.0,0.0,0.0,0.0,0.0,0.0031096808173935314,0.0,0.00024148286667584763,0.0,0.0,0.00025489187027815833,0.0,0.0,0.0,0.0,0.0,0.0,0.0001131913186969831,0.0,0.0,0.0,0.0,0.0,0.0,0.0005827480484463676,0.0,0.0,0.0,0.0,0.0,0.0,0.0,0.0,0.0,0.0,0.0,0.0,0.0,0.0,0.0,0.0,0.0,0.0,0.0,0.0,0.0,0.0,0.002426063237344196,0.0,0.0,0.0,0.0,0.008604231446650287,0.002172500187242843,0.0,0.000628411141794777,0.0,0.0,0.0,0.0,0.00037122403666577276,0.0,0.0,0.0,0.0,0.0,0.004750652933914149,0.0,0.001978975648766251,0.0,0.0,0.0,0.0,0.0,0.0,0.0,0.0,0.0003113063268752673,0.0,0.0,0.0,0.0,0.02241852520288668,0.010310315751834376,0.005112816833010793,0.0,0.0003438020202898761,0.0,0.0014627894109944166,0.0,0.0,0.00025489187027815833,0.0,0.00023822121715096124,0.0,0.0,0.0,0.0,0.0,0.0,0.0,5.2548797900947325e-05,0.0,0.0,0.0,0.0,0.0,0.0,0.0,0.0,0.0,0.0,0.0,0.0,0.0,0.0,0.0,0.0,0.0,0.0,0.0,0.0,0.0,0.0,0.0,0.0,0.0,0.0,0.0,0.0,0.0,0.0,0.0,0.0,0.0,0.0,0.0,0.0,0.0,0.0,0.0,0.0,0.0,0.3706654489841774,0.00499056537674468,0.002103159934380444,5.1703185061161975e-05,0.0,0.0,0.0,0.0,0.0,0.0,0.0,0.0,0.0,0.0,0.0,0.0,0.0,0.0,0.0,0.0,0.0,0.0,0.0,0.0,0.0,0.0,0.0,0.0,0.0,0.0,0.0,0.0
GC_core_14_S12,0.012355547276664198,0.004931659650122538,0.12580124451577024,0.003966666685036987,0.0764049575618028,0.0,0.0,0.0,0.0032211255752895664,8.54219929116279e-05,0.02471583409616091,0.0,0.0029352098983698722,0.014308238923660843,0.0,0.0017733605728453953,0.011807303415061051,0.0,0.0007437775589260194,0.058667053178221684,0.0,0.0006192267821645491,0.0002634304039468267,0.0016301822905328731,0.0,9.24761961972333e-05,0.0002265060586237359,3.7365233028441106e-05,0.0,0.0,0.0,0.00026078507771472466,0.0025638722285385505,0.0,0.0,4.9379422999237806e-05,0.0018467683757862265,0.0023015440438550997,0.01506667599878976,0.0,0.024354747065478986,0.0,0.004706806920393866,0.0,0.3537511001526022,0.0,0.0,0.0014840280162092363,0.0,0.0054373578481593755,0.0,0.0,0.0,0.0,0.004406452171123949,0.0006494275899810473,0.0,0.0024152930718354866,0.00404271981420992,3.7034567249428356e-05,0.0,0.0,0.0,0.00505389576643092,0.0,0.0,0.0,0.0,0.0019768302488645762,0.0,0.0,0.0018388323970899205,0.0,0.0032926596054826587,0.0009554036574941815,0.0,0.0,0.0013266311053991657,0.0,0.0,0.0009699529517707426,0.0,0.0,9.986106526185146e-05,0.0012530028586056595,0.0,0.0,0.0,0.0,0.0,0.0,0.0,0.0013844976167263975,0.0033492034536938397,0.0,0.0,0.0,0.0,0.0,0.0,0.0,0.0,1.8627505551051762e-05,2.0170612519777945e-05,0.0008253417844158319,0.004050435349053551,0.000553203848288336,0.01908713098387949,0.0,0.0,0.0,0.0,0.00025306954287109375,0.00021978252111714327,0.0,0.0,0.0,0.0,0.0004842049224010082,0.0,0.0010776397738025626,0.0,0.0,0.0,0.001006987519020171,0.0,0.0,0.0018890935954998587,0.0,0.0005331434576948957,0.013117621675362255,0.0,0.0,0.0,0.0,0.0,0.0,0.0,0.0,0.0,0.0,0.0,0.0,0.0,0.0,0.0013644372261329572,0.0,0.0011012272660388055,0.0005697371372389737,0.0,0.0004623809809861665,0.0002570375322192468,0.0,0.0,0.0,0.0,0.0,0.0,0.0,0.0,0.0,0.0,0.0,0.0,0.0007061918820449033,0.0,0.0008269951133108957,0.0,0.0,0.0,0.0,0.0,0.0,0.0001640102263903256,0.0,0.0,0.0,0.0,0.0,0.0,0.0,0.00019233726145908477,0.0,0.0,0.0,0.0,0.0,0.0,0.0,0.0,0.0,0.0,0.09829900012179521,0.0009851635776053293,0.0,0.0002541717621344696,0.0,0.00035899281408151236,0.0,0.0,0.0015914943943883808,0.0003887527341926602,0.0,0.0,0.0,0.0,0.0,0.0,0.0005559593964467757,0.0,0.0,0.002680156360824702,0.0,0.0023649216514992108,0.00010074284067255214,0.0,0.0,0.0,0.0,0.0,0.0,0.0,0.0,0.0,0.0,0.003053147359551088,0.0009782195962460614,0.0,0.0,0.0,0.0,0.001592265947872744,0.0,0.0,0.00041774110081944487,0.0,0.0,0.0,0.0,0.0,0.0,0.0,0.0,0.0,0.00010614371506309377,0.0007270238261227067,0.0,0.0,0.0,0.0,0.0,0.0,0.0,0.0003863278518132333,0.0,0.0,0.00010614371506309377,0.0,0.0,0.0012158580694298935,0.0,0.0,0.0,0.0,0.0,0.0,0.0,0.0,0.0,0.0,0.0,0.0,0.0,0.0,0.0,0.0,0.0,0.0,0.0,0.010007489579894637,0.0,0.0,0.0,0.0,0.0,0.0,0.0,0.0231002010999046,0.005889818855775159,0.0012125514116397658,0.0012010883313006572,0.0009880293476901064,0.0008284279983532843,0.0007002398980226737,0.0006546080205189137,0.0004467294674462295,0.00030035474926991745,0.00013006187307834958,6.348782957044861e-05,3.7475454954778694e-05,3.5050572575351835e-05,0.0,0.0,0.0,0.0,0.0,0.0,0.0,0.0,0.0,0.0,0.0,0.0,0.0,0.0
GC_core_16_S13,0.008077382030645727,6.36032445705775e-05,0.009322303403578695,0.0,0.0,0.0,0.0,0.0,0.001311054945497311,0.0,0.0014835773087086422,0.0004346413403837475,0.0005157268510930733,0.03342172229075196,0.0,0.0,0.0076399803324505985,0.0,0.006162958873543987,0.02220270802602789,0.0,0.0,0.0,0.0,0.0,0.0,0.0,0.0,0.0038492039530624183,0.0,0.0,0.0,0.00037529364743904954,0.0,0.0,0.0,0.00016286111087149684,0.0,0.0040717578016050355,0.0,0.01407506448023326,0.0,0.005616293011981682,0.0,0.7008669248751374,0.0,0.0,0.0,0.0,0.0018375931980182942,0.0,0.002816600101788196,0.0,0.0,0.016549265198501365,0.0012615985347100625,0.0,0.0,0.0015630526106946623,0.0,0.0,0.0,0.0,0.0,0.0,0.0,0.0,0.0,0.0013584410879260234,0.0,0.0,0.0003326231162714469,0.0,0.001332217688717901,0.0004793821399098861,0.0,0.0,0.0033522245321049764,0.0,0.0,0.008577351839232165,0.0,0.0,0.0,0.0,0.0,0.0,0.0,0.0,0.0,0.0,0.0,0.0004640851570384814,0.000592441795267712,0.0,0.0,0.0,0.0,0.0,0.0,0.0,0.0,0.004925973529318741,0.0,0.00012651639968830968,0.0,0.0,0.012977362190573962,0.0,0.0,0.0,0.0,0.0,0.00037172818526601535,0.0,0.0,0.0,0.0003411342195232059,0.00038771525759026537,0.0,0.0,0.0,0.0,0.0,0.0009277102544417325,0.0,0.0,0.0,0.0,0.0,0.004499843292186752,0.0,0.0,0.0,0.0,0.0,0.0,0.0,0.0,0.0,0.0,0.0,0.0,0.0,0.0,0.0,0.0,0.0006352273413441222,0.0,0.0,0.0,0.0,0.0,0.0,0.0,0.0,0.0,0.0006969903473737788,0.0,0.0,0.0,0.0,0.0,0.0,0.00013893800983952553,0.0,0.0,0.0,0.0,0.0,0.0,0.0,0.0,0.000179078213013362,0.0,0.0,0.0,0.0,0.0,0.0,0.0,0.0,0.0,0.0,0.0,0.0,0.0,0.0,0.0,0.0,0.0,0.0,0.0,0.0010386996414410224,0.0,0.0018072292620930999,0.0,0.0,0.0,0.0,0.0570062194311938,0.0,0.0,0.0,0.0,0.0,0.0,0.0,0.0,0.0,0.0,0.00392626394196348,0.0,0.0,0.0,0.0,0.0,0.0,0.0,0.0003839197655996161,0.0001136347299018636,0.0,0.0023211158746452524,0.0002380808612316373,0.0014682803258372376,0.0,0.0,0.0,0.0,0.0,0.0,0.0,0.0,0.0,0.0,0.0,0.0,0.0,0.0,0.0,0.0,0.0,0.0,0.0,0.0,0.0,0.0,0.0,0.0,0.0,0.0,0.0,0.0,0.0,0.0,0.0,0.0,0.0,0.0,0.03350545314436386,0.00290010092558248,0.0,0.0,0.0004916887351522945,0.0,0.0,0.000523777894709602,0.0,0.0,0.0024819067171582133,0.0,0.0,0.0,0.0,0.0,0.0,0.0,0.0,0.0,0.0033402629815889907,5.647232022450914e-05,0.0,0.0,0.0,0.0011930496490607603,0.0,0.0,0.0,6.23380805736944e-05,0.0,0.0,0.0,0.0,0.0,0.0,0.0,0.0005595475313487514,0.0,0.0,0.0,0.0,0.00020380641840698612,0.0,0.0,0.0,0.0,0.0,0.0,0.0,0.0,0.0,0.0,0.0,0.0,0.0
GC_core_21_S17,0.0,0.0,0.0,0.0,0.0,0.0,0.0,0.0,0.0,0.0,0.0,0.0,0.0,0.0,0.0,0.0,0.0,0.0,0.0,0.0,0.0,0.0,0.0,0.0,0.0,0.0,0.0,0.0,0.0,0.0,0.0,0.0,0.0,0.0,0.0,0.0,0.0,0.0,0.0,0.0,0.0,0.0,0.0,0.0,0.6435378419783397,0.0,0.0,0.0,0.0,0.0,0.0,0.0,0.0,0.0,0.0,0.0,0.0,0.0,0.0,0.0,0.0,0.0,0.0,0.0,0.0,0.0,0.0,0.0,0.0,0.0,0.0,0.0,0.0,0.0,0.0,0.0,0.0,0.0,0.0,0.0,0.0,0.0,0.0,0.0,0.0,0.0,0.0,0.0,0.0,0.0,0.0,0.0,0.0,0.0,0.0,0.0,0.0,0.0,0.0,0.0,0.0,0.0,0.0,0.0,0.0,0.0,0.0,0.0,0.0,0.0,0.0,0.0,0.0,0.0,0.0,0.0,0.0,0.0,0.0,0.0,0.0,0.0,0.0,0.0,0.0,0.0,0.0,0.0,0.0,0.0,0.0,0.0,0.0,0.0,0.0,0.0,0.0,0.0,0.0,0.0,0.0,0.0,0.0,0.0,0.0,0.0,0.0,0.0,0.0,0.0,0.0,0.0,0.0,0.0,0.0,0.0,0.0,0.0,0.0,0.0,0.0,0.0,0.0,0.0,0.0,0.0,0.0,0.0,0.0,0.0,0.0,0.0,0.0,0.0,0.0,0.0,0.0,0.0,0.0,0.0,0.0,0.0,0.0,0.0,0.0,0.0,0.0,0.0,0.0,0.0,0.0,0.0,0.0,0.0,0.0,0.0,0.0,0.0,0.0,0.0,0.11495692068848105,0.0,0.007078550148917378,0.0,0.0,0.0,0.0,0.0,0.0,0.0,0.0,0.0,0.0,0.0,0.0,0.0,0.0,0.0,0.0,0.008763091322994939,0.0,0.0,0.0,0.0,0.0,0.0,0.0,0.0,0.0,0.0,0.0,0.0,0.0,0.0,0.0,0.0,0.0,0.0,0.0,0.0,0.0,0.0,0.0,0.0,0.0,0.0,0.0,0.0,0.0,0.0,0.0,0.0,0.0,0.0,0.0,0.0,0.0,0.0,0.0,0.2017005403958239,0.015731295080721696,0.0,0.0,0.0007348386269451816,0.0,0.0,0.0,0.0,0.0,0.0,0.0,0.0,0.0,0.0,0.0,0.0,0.0,0.0,0.0,0.0,0.0,0.0,0.0,0.0,0.0,0.0,0.0,0.0,0.0,0.0,0.0,0.0,0.0,0.0,0.0,0.0,0.0,0.0,0.0,0.0,0.0,0.007496921757775801,0.0,0.0,0.0,0.0,0.0,0.0,0.0,0.0,0.0,0.0,0.0,0.0,0.0
GC_core_19_S15,0.0,0.0,0.0,0.0,0.0,0.0,0.0,0.0,0.0,0.0,0.0,0.0,0.0,0.0,0.0,0.0,0.0,0.0,0.0,0.0,0.0,0.0,0.0,0.0,0.0,0.0,0.0,0.0,0.0,0.0,0.0,0.0,0.0,0.0,0.0,0.0,0.0,0.0,0.0,0.0,0.0,0.0,0.0,0.0,0.6515505935257099,0.0,0.0,0.0,0.0,0.0,0.0,0.0,0.0,0.0,0.0,0.0,0.0,0.0,0.0,0.0,0.0,0.0,0.0,0.0,0.0,0.0,0.0,0.0,0.0,0.0,0.0,0.0,0.0,0.0,0.0,0.0,0.0,0.0,0.0,0.0,0.0,0.0,0.0,0.0,0.0,0.0,0.0,0.0,0.0,0.0,0.0,0.0,0.0,0.0,0.0,0.0,0.0,0.0,0.0,0.0,0.0,0.0,0.0,0.0,0.0,0.0,0.0,0.0,0.0,0.0,0.0,0.0,0.0,0.0,0.0,0.0,0.0,0.002077900859359995,0.0,0.0,0.0,0.0,0.0,0.0,0.0,0.0,0.0,0.0,0.0,0.0,0.0,0.0,0.0,0.0,0.0,0.0,0.0,0.0,0.0,0.0,0.0,0.0,0.0,0.0,0.0,0.0,0.0,0.0,0.0,0.0,0.0,0.0,0.0,0.0,0.0,0.0,0.0,0.0,0.0,0.0,0.0,0.0,0.0,0.0,0.0,0.0,0.0,0.0,0.0,0.0,0.0,0.0,0.0,0.0,0.0,0.0,0.0,0.0,0.0,0.0,0.0,0.0,0.0,0.0,0.0,0.0,0.0,0.0,0.0,0.0,0.0,0.0,0.0,0.0,0.0,0.0,0.0,0.0,0.0,0.0,0.0024968211255735626,0.0,0.0,0.0,0.0,0.0,0.0,0.0,0.0,0.0,0.0,0.0,0.0,0.0,0.0,0.0,0.0,0.0,0.0,0.0,0.0,0.0,0.0,0.0,0.0,0.0,0.0,0.0,0.0,0.0,0.0,0.0,0.0,0.0,0.0,0.0,0.0,0.0,0.0,0.0,0.0,0.0,0.0,0.0,0.0,0.0,0.0,0.0,0.0,0.0,0.0,0.0,0.0,0.0,0.0,0.0,0.0,0.0,0.0,0.3016145432536683,0.03609927685951452,0.0,0.0,0.006160864376173496,0.0,0.0,0.0,0.0,0.0,0.0,0.0,0.0,0.0,0.0,0.0,0.0,0.0,0.0,0.0,0.0,0.0,0.0,0.0,0.0,0.0,0.0,0.0,0.0,0.0,0.0,0.0,0.0,0.0,0.0,0.0,0.0,0.0,0.0,0.0,0.0,0.0,0.0,0.0,0.0,0.0,0.0,0.0,0.0,0.0,0.0,0.0,0.0,0.0,0.0,0.0
GC_core_18_S14,0.0,0.0,0.0,0.0,0.0,0.0,0.0,0.0,0.0,0.0,0.0,0.0,0.0,0.0,0.0,0.0,0.0,0.0,0.0,0.0003951695517128466,0.0,0.0,0.0,0.0,0.0,0.0,0.0,0.0,0.0,0.0,0.0,0.0,0.0,0.0,0.0,0.0,0.0,0.0,0.0,0.0,0.0,0.0,0.0,0.0,0.7472544759418717,0.0,0.0,0.0,0.0,0.0,0.0,0.0,0.0,0.0,0.0016223192772287912,0.0,0.0,0.0,0.0,0.0,0.0,0.0,0.0,0.0,0.0,0.0,0.0,0.0,0.0,0.0,0.0,0.0,0.0,0.0,0.0,0.0,0.0,0.0,0.0,0.0,0.0,0.0,0.0,0.0,0.0,0.0,0.0,0.0,0.0,0.0,0.0,0.0,0.0,0.0,0.0,0.0,0.0,0.0,0.0,0.0,0.0,0.0,0.0,0.0,0.0,0.0,0.0,0.0,0.0,0.0,0.0,0.0,0.0,0.0,0.0,0.0,0.0,0.0,0.0,0.0,0.0,0.0,0.0,0.0,0.0,0.0,0.0,0.0,0.0,0.0,0.0,0.0,0.0,0.0,0.0,0.0,0.0,0.0,0.0,0.0,0.0,0.0,0.0,0.0,0.0,0.0,0.0,0.0,0.0,0.0,0.0,0.0,0.0,0.0,0.0,0.0,0.0,0.0,0.0,0.0,0.0,0.0,0.0,0.0,0.0,0.0,0.0,0.0,0.0,0.0,0.0,0.0,0.0,0.0,0.0,0.0,0.0,0.0,0.0,0.0,0.0,0.0,0.0,0.0,0.0,0.0,0.0,0.0,0.0,0.0,0.0,0.0,0.0,0.0,0.0,0.0,0.0026509378389251896,0.0,0.0,0.0,0.09997684504116894,0.0,0.0,0.0,0.0,0.0,0.0,0.0,0.0,0.0,0.0,0.0,0.0,0.0,0.0,0.0,0.0,0.0,0.0,0.0,0.0,0.0,0.0,0.0,0.0,0.0,0.0,0.0,0.0,0.0,0.0,0.0,0.0,0.0,0.0,0.0,0.0,0.0,0.0,0.0,0.0,0.0,0.0,0.0,0.0,0.0,0.0,0.0,0.0,0.0,0.0,0.0,0.0,0.0,0.0,0.0,0.0,0.0,0.0,0.13069281277228373,0.013348381602975109,0.0,0.0,0.001926320121827471,0.0,0.0,0.0,0.0,0.0,0.0021327378520063743,0.0,0.0,0.0,0.0,0.0,0.0,0.0,0.0,0.0,0.0,0.0,0.0,0.0,0.0,0.0,0.0,0.0,0.0,0.0,0.0,0.0,0.0,0.0,0.0,0.0,0.0,0.0,0.0,0.0,0.0,0.0,0.0,0.0,0.0,0.0,0.0,0.0,0.0,0.0,0.0,0.0,0.0,0.0,0.0,0.0
GC_core_4_S4,0.07970223244039559,0.20093067968139278,0.08133807652489912,0.0364970776408312,0.054500485939447715,0.026537359716196,0.03261220303433652,0.020693361644588116,0.01896616382497729,0.019274317620010716,0.024443546512856268,0.01413401941068798,0.012579325293244289,0.04776900013637036,0.016919888176305745,0.010543133368290242,0.029875552444006526,0.01274198536035387,0.018782736088782868,0.010624283335350078,0.01796487406869609,0.00802688416778548,0.006045552501627801,0.005215325915554096,0.00556177385184801,0.005203921704206929,0.003771912891992755,0.0038459802435843508,0.00814008597094735,0.004410308638774126,0.0033792478886603243,0.0038626664054502045,0.005561173630198159,0.003344074899979064,0.0036109334455027555,0.001684702126801385,0.004632270604888973,0.003963023465305268,0.002741572407858774,0.0018095482299703635,0.007174329336337322,0.001150864991424033,0.002831125478016522,0.004855793147293433,0.0022465095910617875,0.0018088279639905426,0.0010258988439250847,0.006278438501769934,0.0017004279340274776,0.0043152335294377505,0.0012569841791176645,0.002898950524449669,0.0009706784521388059,0.0013202475410119447,0.003594727460956782,0.0030126325049314212,0.0015257634339208783,0.001139580824406837,0.001759489744372802,0.0009591541964616693,0.0012723498533538464,0.0008777641407418932,0.0005323966034177101,0.0016599729948275298,0.0009453490985150997,0.0007307098365284332,0.0018824151382622575,0.0004155934703567333,0.00010551896604378064,0.0006362349488419083,0.0010592711676567924,8.295063200938844e-05,0.0010279395975345774,0.0005894176601535415,0.0007018991973355921,0.0017362011443585888,0.0004673325765738772,0.0022358256456944422,0.0008638389984653533,0.0006907350746483662,0.002167280333281474,0.0006146269694472775,0.0,0.0010228977356758304,0.00019579230218134955,0.0004361210507816327,0.00032532013421916446,0.00040598992395911966,0.0007177450488916547,0.0002921878991473972,0.0004014282394202531,0.0009215803211810058,0.0012288938059046445,0.0010123338346384554,0.0001531765650419387,0.0005800542024158681,0.00016890237226803114,0.0002929081651272182,0.0013226484276113483,0.00023180560117240094,0.0004311992332528556,0.0012396977956019599,0.0012141283533183133,0.00031211525792244557,0.0004660120889442053,0.0002139189960068454,0.0009265021387097828,0.0028240428625482816,0.0,0.0007381525849865839,0.0003548510393918266,0.00021932099085550315,0.0003142760558619087,0.00015305652071196852,7.802881448061139e-05,0.0029049527409481775,0.0002558144671664352,0.0007633618942803198,0.0005290353621785453,9.963679387524224e-06,0.0005562854250817741,0.000309594326993072,0.00039254495900246044,0.0,0.0003498091775330794,0.0010707954233339287,0.0,0.0003915846043626991,0.0007465556880844958,0.0,0.0012014036543414753,0.0,0.0,0.0,0.0,0.0,0.00037189733424759097,0.0006907350746483662,0.0004442840652196043,6.602438148359426e-05,0.0007303497035385227,1.728638351570468e-05,3.997476188006707e-05,0.0,4.309591445929153e-05,0.00046085018275548794,1.824673815546605e-05,0.0006257910921345035,0.00034104594144525693,0.00016602130834874704,0.0010842403882905878,5.702105673583141e-05,0.0002923079434773673,8.13900557197762e-05,0.0002295247589029677,0.0,0.0,6.218296292454877e-05,0.00010203768047464568,8.271054334944809e-05,0.0002495721620079863,0.0,0.0,0.0,0.0002828244414097238,0.0,0.0,0.0,0.0008918093273484032,0.0,0.0,0.0,0.0,0.0,0.0,2.0287491764958965e-05,0.0,0.0,0.0,0.00037970021569565205,0.0,0.0011231347512009235,0.0,0.0,0.0,0.0,0.0,7.238673097201334e-05,0.00019279119393209525,0.0,0.0,0.0,0.0,0.0013130448812137348,0.0004181144012861069,0.00018438809083418326,0.00012604654646867995,0.0027916308934563356,0.0006748892230923036,6.242305158448912e-05,0.0005578460013713864,0.0,0.0,0.0,3.181174744209542e-05,0.00034200629608501827,0.00016974268257782232,0.0008572365603169939,0.0,0.0,0.0010018899779310505,0.0,0.0,0.0,4.717742167827736e-05,1.4045186606510053e-05,6.170278560466808e-05,0.00016181975679979102,2.280842269433256e-05,0.0,0.00013492982688647265,0.0,0.0,0.0,0.0,0.0,0.0,0.0,0.0,0.0,0.0,0.0,0.0,0.0,0.0,0.0,0.0,0.0,0.0,0.0,0.0,0.0,0.0,0.0,0.0,0.0,0.0,0.0,0.0,0.0,0.0,0.0,0.0,0.0,4.6697244358396666e-05,0.0,0.0,0.0,0.0,0.0,0.0,0.0,0.0,0.0,0.0,0.0,0.0,0.0,0.0,0.0,0.0,0.0,0.0,0.0,0.00013144854131733765,0.0,0.0,0.0,0.0,0.0,0.0,0.0,0.0,0.0,0.0,2.3768777334093934e-05,0.0,0.0,0.0,0.0,0.0,0.0,0.0,0.0,0.0,0.0,0.0,1.9807314445078278e-05,0.0,0.0,0.0,0.0002546140238667335,0.005053146025764394,0.001435250009123369,0.0007447550231349432,3.8294141260484676e-05,1.9807314445078278e-05,0.0,0.0,0.0,0.0,0.0,0.0,0.0,0.0
GC_core_22_S18,0.0,0.0,0.00028636482013587734,0.00419724376562174,0.0,0.0,0.0,0.0,0.0,0.0,0.0,0.0,0.0,0.0,0.0,0.0,0.0,0.0,0.0,0.0,0.0,0.0,0.0,0.0,0.0,0.0,0.0,0.0,0.0,0.0,0.0,0.0,0.0,0.0,0.0,0.0,0.0,0.0,0.0,0.0,0.0,0.0,0.0004360309619804774,0.0,0.552952853544386,0.0,0.0,0.0,0.0,0.0,0.0,0.0008690361824651796,0.0,0.0,0.0,0.0,0.0,0.0,0.0,0.0,0.0,0.0,0.0,0.00520189800441542,0.0,0.0,0.0,0.0,0.0,0.0,0.0,0.0,0.0,0.0,0.0,0.0,0.0,0.0,0.0,0.0,0.010090415639625542,0.0,0.0,0.0,0.0,0.0,0.0,0.0,0.0,0.0,0.0,0.0,0.0,0.0,0.0,0.0,0.0,0.0,0.0,0.0,0.0,0.0,0.0,0.0,0.0,0.0,0.0,0.0,0.0,0.0,0.0,0.0,0.0,0.0,0.0,0.0,0.0,0.0,0.0,0.0,0.0,0.0,0.0,0.0,0.0,0.0,0.0,0.0,0.0,0.0,0.0,0.0,0.0,0.0,0.0,0.0,0.0,0.0,0.0,0.0,0.0,0.0,0.0,0.0,0.0,0.0,0.0,0.0,0.0,0.0,0.0,0.0,0.0,0.0,0.0,0.0,0.0,0.0,0.0,0.0,0.0,0.0,0.0,0.0,0.0,0.0,0.0,0.0,0.0,0.0,0.0,0.0,0.0,0.0,0.0,0.0,0.0,0.0,0.0,0.0,0.0,0.002208034856542031,0.0,0.0,0.0,0.0,0.0,0.0,0.0,0.0,0.0,0.0,0.0,0.0,0.0,0.0,0.0003533633818280449,0.0,0.0,0.0,0.038207982986687816,0.0,0.0,0.0,0.0,0.0,0.0,0.0,0.0,0.0,0.0,0.0,0.0,0.0,0.0,0.0,0.0,0.0,0.0,0.009592789225766781,0.0,0.0,0.0,0.0,0.0,0.0,0.0,0.0,0.0,0.0,0.0,0.0,0.0,0.0,0.0,0.0,0.00023968195134391545,0.0,0.006500049168299306,0.0,0.0,0.0,0.0,0.0,0.0,0.0,0.0,0.0,0.0,0.0,0.0,0.0,0.0,0.0,0.0,0.0,0.0,0.0,0.0,0.19394484289377592,0.02271823971004751,0.0,0.0,0.0013288408276267486,0.0,0.0,0.0,0.0,0.0,0.0,0.0,0.0,0.0,0.0,0.0,0.0,0.0,0.0,0.0,0.0,0.0,0.0,0.0,0.0,0.0,0.0,0.0,0.0,0.0,0.0,0.0,0.0,0.0,0.0,0.0,0.0,0.0,0.0,0.0,0.0,0.0,0.023840465618391316,0.0,0.0,0.0,0.0,0.0,0.12446841504096096,0.0019954765164638157,0.0005679749036355365,0.0,0.0,0.0,0.0,0.0
GC_core_1_S1,0.05820066175898428,0.08361755995756137,0.07554747281205422,0.008239576444221356,0.0,0.030355042544845764,0.03157351757137719,0.058304174388607855,0.02216599527826493,0.0062192755530743405,0.028254328076710834,0.011491201209928392,0.011290528190156036,0.08673001293113852,0.008814454116691517,0.009274414002299234,0.04686465730895177,0.0,0.03795896193434937,0.020915325947122542,0.03984774259455206,0.00988422899188084,0.0029724149669734115,0.0025333885978167676,0.0007764169067163537,0.006263452491240054,0.0019498487806082325,0.002035170906281227,0.02596449011512138,0.0012262709567959667,0.0021827161049915492,0.002987429351186595,0.011679314119830104,0.0019390210996852637,0.0016603887772675314,0.0,0.011082347978277087,0.00295898864262893,0.007194344312457429,0.0011921998541583579,0.01675792957993942,0.0010909971297983422,0.00972296873066809,0.0,0.005296901507516366,0.0,0.000460248623765663,0.012757318032520884,0.0,0.009448090004303654,0.0014104859015654102,0.005743723806937548,0.0,0.00016833434608242256,0.009175954290439704,0.0043286180948450045,0.0003010095296585343,0.008361712685032446,0.0035809306348442618,0.0002725688211008695,0.0001562073434486974,0.0,0.00016977803687215172,0.004636846078452185,0.0003749264980926684,0.00019619757832419575,0.003946328773724717,0.0,0.0012284364929805603,0.00019590884016624992,0.0021925332023617077,0.0008698237008118318,0.000929448130427647,0.002654081147838127,0.0015850281180436682,0.001223816682453427,0.0,0.0015616403272500556,0.0019712154042962242,7.088521777570281e-05,0.010730087425583167,2.887381579458363e-05,0.0,0.002433485195167508,0.0,2.165536184593772e-05,0.00011650584673114495,7.63712427766737e-05,0.0,0.0,0.0,0.000698313234992005,0.003037092314353279,0.0012324788271918022,0.0,0.0,0.0,0.0,0.001823381467427956,0.001213133370609431,0.00032223178426755327,0.0,0.002532811121500876,0.0,0.0016254514601560853,0.00010798807107174277,0.002544071909660763,0.003606917069059387,0.0,0.00045144210994831497,0.004338868299452081,0.0003902296204637977,0.0007391696843413409,0.00110225791795823,0.0,0.0,0.0,0.00352347174141304,0.0009319024047701865,0.0,0.0013013428778618841,0.0007202573349958885,0.0011429699982285929,0.0,0.000851777565940217,0.0,0.0,0.0013619778910305097,0.0007076972251252447,0.0006317590895854898,0.003890602309241171,0.0,0.0,0.0,0.0,0.0,0.0010046644205725372,0.00022723693030337315,0.0008400836705434107,0.0,0.0,0.0,0.0,0.0,0.0,0.001549802062774276,0.0,0.002118038757611682,0.0005126545994328323,0.0,0.002267605123427625,0.00011087545265120113,0.0,2.4542743425396083e-05,0.000687774292226982,0.0,0.0,0.00047006572113582145,0.0001273335276541138,0.0,0.0,0.0,0.0,0.0,0.0002976890408421572,0.0,0.0,0.0,0.0,0.0,0.0,0.0,0.00040076856322882076,0.0003877753461212581,0.0,0.0,0.0,0.0,0.0,0.00022333896517110434,0.0,0.0,0.0,0.0,0.0,0.0,0.0,2.540895789923359e-05,0.0003525492908518661,0.0,0.0,0.0,0.0,0.004523083244221526,0.0010225661863651793,0.0017204463141202654,0.0002986996243949676,0.0,0.00223916441486996,0.0008568304837042692,0.030329777956025504,0.0,0.0,0.0,0.0,0.00048652379613873414,0.000694848377096655,0.0,0.00026563910531016935,0.0,0.0,0.0,0.00020471535398359792,0.0,0.0,0.0,0.0,0.0003034638040010739,0.0,0.0,0.0001888347552965769,0.0,0.0,0.0,0.0,0.00022651508490850855,0.0,0.0,0.0,0.0,0.0,0.0,0.0,0.0,3.753596053295871e-05,0.0,0.0,0.0,0.0,0.0,0.0,0.0,0.0,0.0,0.0,0.0,0.0,0.0,0.0,0.0,0.0,0.0,0.0,0.0,0.0,0.0,0.0,0.0026009533267760928,0.0,0.0,0.0,0.0,0.0,0.0,0.0,0.0,0.0,0.0,0.0,4.085644934933583e-05,0.0,0.0,0.0,0.0,0.0,0.0,0.0,0.0,0.0013306498008933865,0.0,0.0,0.0,0.0,0.0,0.0,0.0,0.0,0.0,0.0,0.0,0.0,0.0,0.0,0.0,0.0,0.0,0.0,0.0,0.0,0.0,0.0,8.055794606688832e-05,0.0,0.0,0.0,0.0,0.0,0.0,0.0,0.0,0.0010268972587343668,0.000481470878374682,0.00011607273949422619,7.088521777570281e-05,0.0
GC_core_3_S3,0.07192704482672227,0.1668291536098645,0.10990011352844566,0.01838430770848867,0.07463353822072785,0.0377766985185621,0.028868644185765985,0.03219580099422463,0.019565003541963787,0.015008893577135947,0.02266250498813677,0.014485487228823252,0.01407901208598467,0.029327336226710465,0.011489078687277094,0.008799908434823239,0.03272947749074299,0.0,0.022336087506612208,0.012831745894260798,0.02799630027191149,0.006942001503401222,0.005293085901128176,0.004278568489824206,0.003150955711532576,0.005135940259908998,0.0037786721193317024,0.002679642524600411,0.012302523919855738,0.0032419022046791084,0.002868835977690272,0.0032154225454500496,0.008491309041751875,0.002334788270995805,0.0027239402722826675,0.0008750661218126204,0.009064457553663082,0.007213108668685647,0.004148273718010195,0.001152731333541625,0.010134656491383296,0.0011057113779012408,0.004380032604627141,0.007000652711226333,0.002598718706208803,0.0025811480912063434,0.0004554748860848778,0.003667309066499214,0.0010401309134554421,0.006491352349605752,0.0012961421982447961,0.0,0.0006348931378705536,0.0009472046327029991,0.004938827656395493,0.005202386881432383,0.0004590632511205913,0.0036110088564561224,0.0011114032672682346,9.020407279431564e-05,0.000885583743469022,0.0002638066984876282,0.0003441118332523893,0.0023660936625142714,0.000723859843411175,0.0005625071535294361,0.0006391001865331143,0.002633736199488352,0.0013370990543420782,0.001239594514750966,0.0008014427702178085,0.0005028660519013701,0.0013101244482115419,0.0010061033139788483,0.0017663417546486362,0.0023303337488825055,0.0001463805461120376,0.0002671475900726029,0.0007702611154247118,0.0002364608821809838,0.0016520090204072814,0.0007321502040109268,0.0,0.0008416572059628738,0.0,5.654768349383025e-05,5.5557789690874795e-05,0.00012460288244701764,0.0,0.0,2.7593289757383253e-05,0.0009512879446401903,0.0023205585475783207,0.000935449643792903,3.5759913631765736e-05,0.0,0.0,0.0002579910723952649,0.0023837880142421,0.0007822635777855467,0.0,0.000545555222153824,0.0015050097906683967,0.0,0.000399917096394003,0.0001749637296723763,0.001423962235551419,0.003147738556672971,0.0,0.0,0.0008510611970909506,0.0009053816195281311,0.00016246632041006371,0.0,0.0,0.0015340879211302133,0.00014006997311819658,0.001693213349955302,0.0006565470648102041,0.0,0.0015000603216536194,0.00034213204564647844,0.00024697850383738546,0.0,0.0009171366084382272,0.0005173432487695935,0.0,0.00023633714545561436,0.001205443178549003,0.0009155280310084245,0.0011936881896389068,0.0,0.0,0.0,0.0,0.0,0.00013017103508864206,0.0006626101643533062,0.000407959983543016,0.0,0.000547287536308996,0.0,0.0,0.0,0.0,0.0003760359083977027,0.0,0.00039521510082996463,0.00012732509040514514,0.0,0.0005726535650097295,0.0,0.00021592058576965818,3.2542758772160515e-05,0.00033854368061076486,0.0,0.0,0.00016444610801597461,0.0,0.0,0.0,0.0,0.0,0.0,0.00044866936618955905,0.0,0.0,0.0,0.0,0.0,0.0003506698796969692,0.0,0.00017867583143345924,0.0,0.0,0.0,0.0,0.0,0.0,2.0292822960586784e-05,0.0,0.0009545050994997955,0.0,0.0,0.0,0.0,1.6333247748764972e-05,0.00011519889131894085,0.0004458234215060621,0.0,0.0,0.0,0.004249861569538498,0.004386219440895612,0.002318331286521671,0.0002004534950984792,0.0007644454893323485,0.0028168665530351107,0.0014875629123913068,3.402759947659369e-05,0.0007811499472572219,0.0,0.0,0.0,5.135074102831412e-05,0.00032926342620805756,0.00015157748857755373,0.0,0.0,0.0,0.0005194467731008739,0.0,0.0,0.0,0.0,0.00012880993110957832,0.0,0.00016011532262804451,0.0,0.0,4.058564592117357e-05,0.0,0.0,0.0,0.0,0.0,0.0,0.0,0.0,0.0,0.0,0.0,0.0,0.0,9.66383825135261e-05,0.0,0.0,0.0,0.0,0.0,0.0,0.0,0.0,0.0,0.0,0.0,0.0,0.0,0.0,0.0,0.0,0.0,0.0,0.0,0.0,0.0,0.0,0.0,0.0,0.0,0.0,0.0,0.0,0.0,0.0,0.0,0.0,0.0,0.0,0.0,0.0,0.0,0.0,0.0,0.00015912542882508905,0.0,0.0,0.0,0.0,0.0,0.0,0.0,0.0,0.0,0.0,0.0,0.0,0.0,0.0,0.0,0.0,0.0,0.0,0.0,0.0,0.0,0.0,0.0,0.0,0.0,0.0,0.0002055267008386259,0.0,0.0,0.0,0.0,0.0,0.0,0.0,0.0,0.0,0.0,0.0,0.0,0.004649283719031024
